bedrooms,square_footage,distance_to_city_center,sea_view,price
3,1301,1.6979068111056588,0,159387.74220266182
4,1758,19.188134996683186,0,230109.57111837578
1,1968,16.697908220085353,1,256163.0613149153
3,2024,16.214624055467624,0,280124.94315316813
3,1728,12.965780536926909,0,212777.539264844
4,1260,5.110156437694517,0,175480.8351789296
1,1531,10.846946966851451,0,220029.60230988785
1,1551,12.348207376176479,1,219261.53019813696
3,1724,10.975598516345094,1,262665.3681577856
2,1708,5.944433991079019,1,276293.8117062025
3,2381,10.789710561979792,1,318189.0898555004
3,2370,10.332540476503905,1,331098.4885296201
3,2076,19.930379740327762,1,246996.7720914362
3,1189,18.051286812877873,1,190244.60486948193
4,2417,9.804234216096779,1,321500.13344662794
1,1682,12.835810275767255,1,223858.60356987748
4,1055,15.209560477752342,1,188457.766946958
4,1508,1.6624380444426734,0,224030.03014340435
4,1249,18.00350738332896,1,167510.54113146407
3,809,17.342409511940552,0,116689.74743989333
2,1623,9.69120985770044,0,221441.87034413393
1,1597,8.432225555527216,0,223424.50736656456
2,2065,6.186228122269984,0,274954.721559328
4,2074,10.056859738277,1,285846.2194468939
4,1676,1.8431566071314986,0,228951.82640388192
2,1828,17.191677133593146,1,280065.4527376102
2,1942,1.6730249999523563,1,257347.3504645697
2,1815,7.251975942027549,0,223554.26625088535
4,1173,18.70020027806081,1,194479.96752033304
4,1888,14.969040435945603,0,251474.27906352107
1,945,6.346428250973009,0,134807.74526146014
1,1023,5.800332785256817,1,167625.02006316415
4,2062,1.0965606565424935,1,285902.31573841715
2,976,14.218571564145254,0,158464.30140266696
2,1652,1.9268880517902889,1,233056.70156957998
1,2105,11.119447868614479,1,251538.33773305424
4,862,19.280317479248946,1,166969.9988994537
1,2040,3.0799083410346237,0,236439.87482033644
1,1626,17.99511868839328,0,241559.21344831464
3,1594,19.838031367755914,1,234044.5926183078
3,1488,2.168823498545466,1,200859.77062482233
3,2284,17.775219113611765,1,306956.7440792049
2,2433,10.805501388428716,1,344716.74239605817
4,904,18.22376066944702,1,183328.19731761588
4,1922,11.855059896471907,0,253725.87296035464
4,1310,13.580128192024727,1,182468.16291507523
4,1184,11.331799251950585,0,207697.90162130172
3,1204,17.42536472583962,1,187580.13888220175
2,1622,14.944288460120333,0,238947.82248750702
2,1317,10.903945931427883,1,201244.71539868563
3,1275,17.495055276979393,0,203897.68508815448
2,1508,5.660425112851357,1,250367.69447393116
3,2468,3.9894725343479935,0,312657.48166532465
4,1570,4.04760200127137,0,225340.9001958345
3,2260,7.34616869615952,0,278604.3046249671
4,1846,5.535110594719333,0,229888.23245590346
4,1796,18.671716659685035,0,242901.83212555872
1,2388,3.010847782743096,0,283807.1337759872
3,1476,14.280824022752165,1,274984.4862276259
1,1513,4.595209255915112,0,184050.4388981473
3,2281,17.751105522636653,1,327917.25709312654
3,882,19.26499047551324,1,179076.43192853688
1,1968,9.843930166629688,1,276619.40924579353
1,1908,17.702358124334502,1,299548.90106044407
3,1901,1.0977582443395806,1,267516.42817419337
2,1256,16.578991430753902,0,171791.35732052865
4,800,5.343878068973547,0,139706.54657955494
1,850,18.26532487611799,0,140769.09705995442
4,1484,1.0212821181220804,1,230176.33443539403
2,1516,11.567452965755383,0,224245.19911546767
2,2269,15.376080271913759,0,268006.2812886755
2,1248,5.915078283260252,0,202264.26150168641
1,1680,4.669524427158568,0,215536.7653162101
2,1287,2.5978662648917084,0,189471.21158608943
1,833,7.202237953562566,1,169541.7223831952
2,2171,11.63704193386776,0,280866.29477954644
4,894,3.2010332788248954,1,160018.34628636105
4,1895,8.157211877749177,1,255006.65429902132
3,2374,1.1723756884017744,1,303506.29769813403
4,953,16.554908989496994,1,206080.89314532603
3,1049,3.440525643770636,1,160202.93407930413
4,1473,6.38351601704605,0,187306.89124926372
1,1237,1.350126656026132,0,159412.0868651388
4,917,9.212574893957735,0,150221.36504533218
3,1570,16.962308552083158,1,205887.04527628547
3,2129,8.450873017458736,0,240954.23938604147
2,1067,4.4104491450528345,0,154286.12791334125
1,1877,15.320277846959865,1,239904.63001751518
4,1035,15.987332655544142,1,158568.24014211603
2,1188,4.301316030843769,1,165945.2898281631
4,1789,15.646228062278807,1,240990.87984847283
4,1562,18.998659876870423,0,231524.26007184334
2,1200,4.161174151713174,1,211794.7461982782
2,1423,15.648701558110576,1,259104.3686434274
2,1566,14.462868087449959,0,252078.67121399456
2,2126,9.997903880266682,0,283925.20613774227
2,1718,2.1004887506171674,1,264003.79787132924
4,2030,2.419193937399226,0,258031.63878241798
2,2052,17.195878524774304,1,294795.23630263255
1,1652,19.812819082262294,1,284278.47050479456
3,1377,13.844992886548335,0,202946.75380441078
2,874,9.473207833196108,0,165801.37548750284
2,1234,13.303899224636245,1,181964.9174407479
4,902,12.293521325342361,1,154221.98617750662
2,2245,8.288632947706814,1,305485.7084297528
2,1563,2.2468967469062457,0,211022.08177472092
2,1537,16.608746000741377,1,220205.68925227277
4,1605,8.064837055535767,1,283879.97020639223
2,2129,16.556927223784783,1,295230.3456901897
3,897,5.797666244079262,1,154644.33207834637
4,1597,1.0195601170670345,1,234442.1566057461
3,2158,4.019827382258374,0,269218.4477433619
4,1658,9.902248918603103,1,245707.17541712333
2,1234,18.941769064198766,1,171596.54422507872
3,1246,2.9416787741806605,1,222809.77331842764
4,2131,17.229985714769754,1,319891.5812661679
1,1048,11.013457828025379,0,190013.1443547424
2,965,16.692494550198035,0,161954.88244582497
4,2304,6.66911418880986,0,298184.17829769524
1,1783,16.958996128776967,1,239754.9591042435
4,2158,15.683632820319286,1,311499.80298210745
1,1819,5.3710199775972445,0,239921.2641266774
2,1341,3.495367401778183,0,177239.55138810424
3,1558,17.493032128113565,0,232741.40989687358
1,1929,19.301496415362507,1,290919.72892950324
4,2386,1.5947439612028087,1,311809.54869410006
2,880,14.894131272500026,0,154814.71723881806
1,932,18.280965708008548,0,132006.14261533308
4,1596,17.289841749757475,0,244308.5896191659
4,1699,19.325888973133964,1,232786.68072586897
4,937,15.441787490323847,1,158512.38078357838
1,983,9.403676485237295,1,174548.1511512294
1,2224,6.927087819407479,0,298453.8695940729
1,2153,7.094112068324422,0,291426.02869847545
3,1584,14.764030779668222,1,236585.52295173152
1,2331,15.170903228588323,0,306445.7188593704
1,1783,4.80682372742554,1,217222.24287713485
1,868,17.49433345632009,0,131460.76692556898
3,1345,14.583556763842704,0,178712.76959264933
1,852,11.69225544052427,0,166390.3859154585
4,2273,9.959116741947742,0,296572.641629134
1,1004,11.321423310009205,1,180053.7671730966
4,925,4.025669027306025,0,151347.53579024048
4,842,4.87032373624921,1,189201.9473887271
4,910,2.732125317717642,1,160162.4693287278
3,1560,3.919502725061141,1,202578.40519184977
3,2486,9.620179057500371,0,326053.99321665626
3,2006,11.076733480836866,1,280675.14748451964
1,1647,1.3393759570880681,1,254743.12154185967
4,894,16.139158729416522,1,167774.28321697813
3,2197,6.58919149352608,0,257120.8052726852
3,2343,18.32488466423831,0,302418.87675377866
1,1699,19.382714008661775,1,250094.85841915951
3,1159,4.5237186188564324,0,172760.7049669164
1,1699,9.779848524547551,1,277421.3341446221
2,1080,1.0234048681620918,1,157137.65288638705
3,2018,12.368218037326113,0,264602.4822281827
2,2018,12.538822516990754,1,262289.4774553219
1,1466,5.703259156464128,0,147940.7101158309
4,892,11.609840779080761,0,145225.6166090959
3,1471,5.285262706430974,1,221263.09009321162
1,860,4.055683912485611,0,150798.284015258
4,1433,13.37886986924303,0,196838.61996294264
4,1874,7.192583815089423,1,232416.28480506528
2,2226,12.215014838826827,1,282858.87587431615
1,1828,9.231688230461456,0,264055.0208489648
4,2289,19.702676740655175,0,273218.779784515
3,1403,3.8420322106837497,1,244785.526699192
3,1481,9.827373336080393,0,224913.37251946787
2,1333,13.92867590082718,0,184508.72586369218
4,2228,8.515356593719405,0,263676.09503480577
1,1637,19.519297185543106,0,244717.90797538313
3,2336,14.715864930611765,0,287039.7075634335
4,1444,13.482693293725369,0,171428.34385286353
4,1032,15.384126084613243,0,173338.3954547718
2,1323,19.100324122735625,1,220795.43101853156
3,1145,18.248554406708163,1,217278.40125764965
3,1869,14.761420854401827,1,272172.6104144068
1,1345,15.234071142924378,1,201434.09603054784
3,1901,3.7725194066677634,1,288279.83649537654
1,1896,2.953055685360648,0,268716.33649625716
3,1593,11.847185535039122,0,220787.7120472237
2,1048,1.34898510187026,0,157280.93084159459
3,846,10.16477124948024,0,114116.96516263802
1,1944,4.996642018458504,1,255047.79416229978
1,1013,7.574314785251952,0,170602.55023181307
2,1038,15.740289980066166,0,151124.53898277908
3,1879,18.883512580415342,1,239104.99890234123
3,1149,2.3759091707804885,0,236905.51037739223
2,906,11.150601913552457,0,117507.18178824245
3,1630,17.7681362305724,1,287919.0960439686
3,847,2.567662154368004,0,130735.36218521881
1,2396,16.665766891039844,0,296541.6234626437
3,1136,7.798225667637156,0,154953.54739006658
3,1849,7.119799342167371,0,255016.64296584154
2,1603,19.57186133998093,0,191890.44640778878
2,2080,4.8163227073835895,1,244201.5806290084
4,807,14.170684875630938,1,191188.7730253876
1,1424,16.607373832187463,1,204924.23893995417
3,2076,1.782486410306162,1,294313.0055959468
3,1518,13.737323708733832,1,207859.5403164426
4,1102,19.07944951275121,1,205108.14561426724
3,1438,3.3601793678331275,0,230051.01965948555
1,855,18.02820475101573,1,154271.67466720555
4,1525,12.300756110161785,1,191181.55591936127
1,1325,12.715487055387007,0,222933.6217938916
4,1273,12.645939322446512,0,203347.8560917211
4,827,6.677881840408963,1,147767.51624477832
2,877,18.768834490689734,0,143325.37617997194
1,2039,18.999658789989734,1,261486.78547000117
3,2209,12.880788544065009,0,306645.5329208717
3,1164,15.885031792890679,1,184548.20374023245
1,1465,12.632901731742002,0,174742.28011492154
3,1325,10.203570503906771,0,192774.7028822028
3,1498,13.555582247685763,1,210277.5238922721
1,2135,11.50702759924721,1,268953.2222823614
4,1682,12.352041390006672,1,236974.03661976443
1,1830,15.892818514958376,1,262973.5155674866
4,1826,10.137172797530713,1,231246.39128047042
3,2446,1.7743280157569825,0,324090.14251212496
3,1718,4.115990138800448,1,258301.18931071597
3,1549,9.33353711330123,1,223159.50874119598
2,1162,14.771704637607108,0,156118.98259286358
4,2331,12.272294317893396,0,288651.63810061343
2,2097,13.355589531595625,1,304966.4955809122
2,2329,10.106299642949459,0,303444.83036546834
1,1605,12.699098416902613,0,238319.63521747486
2,1538,7.251331318478582,1,218418.11583963284
1,1838,9.933469261236636,0,180568.23104668478
1,2015,15.141302246304157,0,284326.87508147705
2,2454,17.564822800489303,1,321438.4885387976
4,1284,9.239451345171389,1,217543.04698201892
4,827,1.8295714964398626,0,168199.36084102598
4,1513,4.071778338789251,0,253224.06183414825
4,1862,1.396361646539224,1,245101.7512604532
4,2096,13.411997365509272,0,270185.1968260675
2,2054,7.3139778817470695,0,286993.7181529825
2,885,11.307094078667982,0,127867.96666887408
3,2297,10.372260088892192,1,294143.89816863753
4,925,2.549003301496107,0,133213.73008157054
2,1611,8.661965861352805,0,215469.17666251597
3,1336,5.190661373524142,1,202692.85708096268
4,944,8.949595984685402,0,138198.89154721622
1,2348,4.867987326502611,0,268218.8453511261
3,2035,16.968595719261735,1,299123.1044275367
2,824,4.309673394986819,1,181911.45711681576
1,2403,19.25483047825256,1,349881.7111225746
1,2217,8.902239956791874,1,286829.64883070625
1,866,17.07866054836194,0,162513.82371932652
3,1032,12.946531545912958,0,165299.783827512
2,908,14.9716556746493,1,157472.40086505812
1,1969,15.586753873268826,1,289677.74131079833
4,910,10.592052755967337,0,135163.92529707373
1,1027,11.32270994390248,1,171137.82291631747
1,910,10.765921488365775,0,119148.3666941103
3,2293,12.173109183711505,1,297002.1326431912
3,833,1.5584944693736387,0,140056.47141497853
2,1422,8.514788227131291,1,248436.08402711555
4,2192,12.51758555766226,1,289588.8838547974
3,1547,12.356747739861422,0,191014.99092819204
1,1394,16.066165797506997,1,247680.462317436
2,2377,13.445177437810063,0,284931.5399772207
1,1224,19.850533010472773,0,147657.6333824191
1,1412,6.393236043564255,0,197358.49272451783
3,2341,7.823869563658398,0,282416.4653162457
2,1491,8.293095885488128,0,249854.4607964475
4,2105,9.850443333384721,1,296132.5423536366
4,2143,16.883963211842982,1,291015.13453282474
3,2266,5.480049785224987,0,261750.0807075004
3,1114,15.74400393367316,1,196775.3387906959
2,1676,8.700893478629125,0,251684.64574055045
4,2200,12.435252289578163,1,303653.9098143343
4,2112,13.018270131299817,1,271960.541223291
4,2260,8.084124106589755,1,312018.1862883339
1,1461,10.739688898910298,1,220797.70655199885
4,1076,8.847592318306244,0,172196.05822551638
1,2405,2.3135229375457693,0,284860.61446508847
2,2326,9.306142387519705,1,300287.16570853564
1,1423,2.8504744585174913,1,205669.64128062315
2,1315,8.69539518252611,0,205292.46062121028
4,2173,12.265449596803855,1,287268.2192935801
4,1642,12.008883087526515,0,212209.82691627872
2,2269,13.589804301158086,0,265453.5841193317
3,1149,2.8099686511378996,0,176285.2603599043
2,2430,13.390341665078319,1,326529.20687516354
3,2487,6.930813077232495,0,294090.0420488436
1,1622,8.58187297660511,1,222603.3623371453
1,1960,17.30173882453141,0,292474.33767681994
1,1558,1.1715776784614547,1,189076.92773673395
4,1698,12.179840033471503,1,256953.3600807702
1,1042,12.375565621902044,1,206515.85377527119
3,1342,8.536535750527678,0,121631.99264549784
1,1863,5.503529285058388,0,255234.56584405276
2,1028,5.4588067269694704,1,171724.31133356298
2,1347,17.7904837235543,1,219316.33914744234
4,1719,9.398463101874293,1,241334.47226049533
2,2046,7.286897896794267,0,280351.31786131865
3,805,9.526773902796657,0,143425.7737848255
1,2145,13.718417627727865,0,274293.60660455027
4,1267,3.769374796650282,0,161807.47525915326
1,874,9.539242869061017,1,200115.46611121428
1,803,12.169803051097352,1,156883.52192021412
3,1445,19.023083742177242,0,250707.65782029778
2,917,5.798027859432966,0,183750.4016332804
2,1680,7.825764210408666,1,206945.86275989673
1,2429,8.207813208526051,0,284204.9873882092
4,1303,12.505224995252775,0,167013.59237812756
2,1746,7.777909007760032,0,228124.83287413878
4,1373,11.136726580694216,0,197811.64370007033
2,2264,15.854016267055558,0,289525.53749139636
4,993,14.402326288131867,0,178783.73666444552
3,1646,9.481004283739125,1,270112.157528047
4,1514,17.42010737580921,0,230659.80867267738
3,2215,11.604664742283395,0,266983.62808666675
3,1849,11.258210950542038,1,245788.6281731222
4,2258,1.6495675528440055,1,297880.02049410075
3,972,19.74716662678607,1,186495.97384148627
1,2123,3.3364453620629075,0,260604.395766689
3,2468,5.3914873361252855,1,293486.0469430182
2,1125,1.9822399075890123,0,177732.3101253305
4,2233,13.16005636990136,0,273233.73281027266
1,1941,5.26932236248092,0,238584.4064927996
4,1635,4.420198311981746,1,235817.845674829
2,1523,2.6825561002415865,1,219443.2997085176
2,1024,2.9628701853562975,1,167151.41398243612
2,1331,12.108743308409187,1,184151.8655155408
3,912,14.075949451465313,1,166893.0253866995
3,939,8.55020078082362,0,163134.17622854916
4,1358,10.118044550249392,0,197351.9023775505
4,800,14.033386983676698,0,157179.12227385124
1,889,1.330216013524113,0,125294.20756036192
1,1453,7.139482484335293,1,193608.57165981163
4,1119,19.488857213336583,1,187927.42902710836
3,2373,12.022132364213894,0,281926.33381113305
2,938,5.830267018052372,1,157108.43384487124
4,2334,10.912870886088049,1,314291.42980466655
1,1644,7.510416274297391,0,208393.5973550556
3,1058,11.112654787699682,0,137254.95760972195
4,2496,3.389088724326328,1,311314.6498045232
4,1701,3.5215784225662703,1,249861.97654849917
3,1489,3.7273048787484644,0,215093.2644595126
4,809,18.856576046609995,0,154756.74370497194
3,1060,14.925079448485494,0,172852.00160920096
2,2473,4.085255998584097,1,316580.75867998716
3,971,4.578632591546428,0,158387.59827495582
3,1697,14.88576002254665,0,227196.16684730857
3,812,3.967113051051305,1,156345.47928193043
4,1991,5.456664573361745,1,254241.79752936208
4,2465,19.303589823587583,1,328229.2941870081
3,2419,5.850823969840205,1,323298.7366699483
4,1120,13.571014657051789,1,196808.05359732005
1,2142,19.593994460610077,0,248546.61670911906
1,2436,8.11163857565606,0,299881.0348158957
4,1128,1.3328038263791826,1,155788.6103639113
4,1584,5.638798518025111,1,235892.93218178308
3,1576,16.786666635492402,1,222866.58948569192
2,1710,17.4275678831457,1,284426.64279208175
4,2373,15.601867925952034,1,318685.80054889387
1,2242,3.1490865624548876,0,292097.82367770595
3,2429,16.11469706223166,0,344074.80127160146
4,1918,18.45487814287658,0,235879.40284966386
1,2404,12.411581308378485,0,305619.28887230746
1,1117,18.87663177042323,1,167720.09570055467
2,1035,16.70993879052567,0,169352.9095602612
3,1133,13.672458822827238,1,226350.4147404217
3,1175,11.966519497523215,1,181825.59545992583
2,2282,7.622899677597439,1,284892.3635729068
2,1960,4.026461459613298,0,246789.7460594354
3,1387,12.494124531120276,1,256763.40802732587
3,2370,7.04411951874427,0,306842.8381584372
4,1312,17.46233468302526,0,173032.8743003924
4,2119,19.87340180981394,1,322137.91255454236
2,2143,15.296127489695879,1,259446.8038981842
4,1717,2.7191522104539643,1,286990.75868128147
1,2395,6.485026315082124,0,310171.52675784426
4,2172,3.073083003549245,1,325207.690301909
4,1672,13.3597213080426,0,192123.8984863406
1,2052,15.538626426559908,1,286658.14983047365
2,1069,18.587821786733524,1,184116.13236205245
1,1597,9.325274581827765,0,194523.04782198105
4,2114,18.126137342180442,0,245742.5962660624
2,1524,17.679932021785223,0,221981.5911860836
4,1988,7.026718618542573,0,265467.99347154377
1,804,17.509111885270848,0,165454.03687715047
1,1650,8.137772785752803,0,209300.46532633976
4,2202,6.640516216645334,1,291888.0619052065
3,877,13.332418517093469,1,137617.01075962489
3,2233,7.23924332981654,0,308635.3379048032
1,1373,12.97396621825374,1,215477.94486427173
1,931,12.586804304475196,0,164145.1721846397
3,1400,11.705339619620718,1,231910.7777320306
3,1865,8.227974380423156,1,290696.1303362511
4,888,11.421494711378058,0,129082.75801033997
4,1201,12.33322402472301,0,191418.34401930508
3,1095,11.368050881413994,0,165583.85131452617
4,2118,9.44396960227283,1,329835.52612794907
4,1415,1.2786740838790123,0,176652.05346201916
2,2349,12.154172446321867,1,335005.61317843833
4,1599,4.200443317711674,0,220207.0572434238
1,2460,13.208943409996602,1,328861.59358911874
4,1221,15.427542230534455,1,202094.18563621704
4,1846,10.508460873484088,0,267987.5468934778
3,1374,11.304909634615028,1,219229.4888387862
1,942,19.07809263365383,1,143550.73955440737
4,1792,17.09617986607891,0,263338.1613072844
4,1464,18.370493803077927,1,247509.28354417338
2,944,16.46155947807214,0,164973.53342329303
4,2048,3.0694484950878973,0,234965.25165259303
4,1806,3.8308452634336994,0,214253.11542729044
2,1302,11.005852148110232,0,148754.06836933293
3,1620,5.675323517161967,1,244944.25922217724
4,2439,10.057214025782024,1,293137.63004940364
2,903,8.492941152548653,1,130771.45271903103
1,1862,11.438870530178614,0,267719.2176510902
3,997,15.190638606580631,1,193558.91059254724
1,2469,14.594327234886213,1,317833.7303208246
1,1378,10.903448517221353,0,190870.7925934668
2,1190,16.625474957524105,0,129765.8533390832
4,2002,9.186379739222634,1,294328.08825079567
2,1353,18.037571506962326,0,181064.15646370748
2,2271,2.3543251310481144,0,285482.97982818686
2,2323,19.13854057063284,0,242698.02504948672
2,1838,13.439168547195615,0,260670.9449168287
3,2446,8.2214156698069,1,304553.81244718895
4,2492,4.745928404884669,0,275252.1189266552
1,2112,10.104481359428398,0,259760.20798994685
1,1277,4.696608140520718,0,168420.39971155065
4,2054,4.160300547119701,0,280165.50253175717
1,1722,12.72968339084651,0,220456.93924819073
4,1219,10.938609767053908,0,205821.6454157943
1,956,13.731824657607891,0,159368.7646445854
2,1349,18.662511671017796,0,212718.6135797564
1,2264,11.112944053441764,1,302213.14296216314
4,1920,12.037709011993156,0,274660.0341527942
4,1820,2.7029004439439,1,231478.97041631845
4,1796,14.635079932263961,0,240390.0291160185
4,2234,8.598198929278968,0,270970.3828760112
4,1750,19.557779534589,0,263911.4593574407
3,1088,16.640306296317547,0,198000.84124134728
3,2077,10.927139769806248,1,284071.9950696455
1,995,3.341230429271155,0,125640.3931927195
4,1397,17.328900072331194,0,208106.39637199894
1,2345,16.195840813056414,1,279605.7257058529
4,1316,4.507117461203627,1,237576.41470626404
4,2458,6.610287495185892,0,290841.74233487213
3,1664,16.07473790480891,1,244725.96568405454
3,1941,4.519340484400784,1,253640.6487260653
2,1605,18.43729729425617,1,222283.01691311167
3,1982,9.066021078730875,0,268378.83687030646
2,1614,2.653740289165514,0,210154.53660355633
2,1027,16.499224226581337,0,162399.2628917542
2,1015,8.096683977729365,1,156070.52040448788
2,1747,11.003484688921839,0,247922.9268144017
2,814,3.1337825438131643,1,172722.68597464391
1,1980,1.0490962820546654,0,244645.9784034358
3,2471,13.121718910072655,0,329919.3021216741
2,2084,10.7883282363409,1,282311.68103368
4,1980,12.277232813339797,0,270933.7263324463
3,846,16.08113315722981,1,131082.01496201294
3,1123,13.285512355034342,1,196911.37350724541
2,1643,4.320695413720166,0,211630.71835472138
1,929,7.854677863101396,1,170237.78745065062
2,2234,18.211930990967446,0,285319.6136086002
1,894,15.6289493047819,0,150028.47109593064
4,1426,11.576104100797627,1,231902.06663764987
3,1554,5.857254958376174,0,197925.1548470685
4,2115,6.739149534861106,1,297451.1599581434
1,1593,14.907203284127057,0,241704.09930442166
1,2106,17.172310956202644,0,241283.33537849487
4,868,13.757068721081675,0,129267.73239595431
1,2483,16.381069539600393,0,292019.8262597765
4,810,15.566466568807714,0,118142.31729538468
3,2077,3.8443753911821967,1,271028.23230284994
4,1671,9.054951445352739,1,263489.8460306732
3,1349,3.906692215742691,1,236705.08459811992
4,1957,5.469476111237712,1,271758.23745054886
1,1511,17.515932868369998,1,223673.24621722096
4,822,9.984947347030461,1,174450.95305512843
1,1614,11.171803935010557,0,170006.5320824617
4,1145,4.39047333932767,0,146791.66722760067
4,1101,6.933163934927125,1,138333.97383346525
2,1162,5.374677200129529,1,168173.34425295593
1,1195,4.917537125850102,0,156918.41802488503
2,1017,13.121255073003432,0,188414.26509525528
1,940,5.880793105268581,0,92019.15722951449
2,2439,13.00829423438795,1,312670.0951125073
3,1757,2.110637668062524,1,260046.6482775934
4,2033,3.6937134770149354,1,284561.47000388935
1,1784,6.216264826002382,0,261042.89508369906
1,1792,12.343891421018142,0,238892.97528244086
4,2446,13.840983656660143,1,330206.055437953
1,2439,9.411622368811015,1,282135.6745483545
1,1627,9.47002737696735,0,197969.6365249475
2,1482,14.765820176573744,0,170528.8152193264
1,2283,1.3006007435460663,0,290702.462530055
3,1803,7.4807104650101905,0,241914.16426765002
3,1155,16.55543408526542,1,200948.47638830304
4,1807,12.461168794054073,0,220501.91222786554
1,2147,7.407315522352987,0,249244.66217484316
4,1956,18.204971054263805,0,260091.42417306025
3,1687,15.679831821538269,1,234052.19485534643
1,926,6.033013497497935,1,145508.41547210424
1,1929,13.260506912988621,0,239662.46603133294
4,1808,12.319263835590178,0,224944.79119708893
3,1403,8.622570366740671,0,178176.82569080128
1,2201,7.972165504891213,1,269870.72641729354
4,1813,7.527649020738375,1,265237.6198771473
3,850,12.72595988451729,1,193383.9687317998
4,1852,9.405788793132722,0,240322.81038419326
2,2285,16.805399151777017,1,311951.3823152871
1,2119,13.722449706545277,0,279788.78190530674
2,2120,2.3287005084792485,0,271095.6653981021
3,1578,13.163196252735155,0,198343.351560028
2,2230,6.151801293503511,1,331072.82486880344
2,1613,12.26342784141503,0,202885.50364714832
3,2436,13.922506690965577,1,334423.02063869097
4,2228,5.3857545939262295,1,307296.70344382134
2,2169,9.680314252727005,0,233171.32628367073
4,2445,4.616172393562288,0,290831.1578585227
2,1219,1.9944386399436578,1,194629.78835621523
4,2005,8.191052046231512,0,258458.55025160147
3,1782,7.895941165073848,1,259076.38089287226
2,1624,19.914129323380884,0,238110.32212048996
3,1824,9.4806946727552,1,257890.04005096204
2,1366,7.337821439971808,1,217961.26208034478
3,1170,12.029025127616817,1,193015.42082836074
3,1735,2.6865804880476007,1,225396.61710892833
2,1460,19.27164898314145,0,206883.85331896422
2,2254,13.06424086622963,0,297513.9173181762
2,1768,15.341918578876108,1,277246.72693894536
1,2132,4.239080825304433,1,296365.85356353625
4,1960,8.780079207098874,0,278277.0461225354
1,1001,9.031093154527602,0,163292.84152544342
1,2259,16.614322434120652,0,301784.75765043707
3,1112,1.0234969154287794,0,181359.57144331012
2,916,6.716209058711846,0,141091.0937116812
4,2489,19.643491112541774,0,324441.81420762424
3,1736,10.022844326618154,1,230698.52421049078
1,1374,8.267999324636158,0,198830.24651329537
2,1043,3.2767510383352807,0,168078.89205253668
3,1336,19.509127943932295,1,235276.46638595275
2,2425,1.380500762590665,0,310205.4364609215
3,874,15.006424275137618,0,167085.49580426308
2,1185,15.60339629098166,0,174914.0915429624
1,2033,5.629477605213466,0,249506.87570920578
4,1274,13.759610428647708,0,179981.83005661154
1,1217,2.7656537432084085,1,198708.5014805768
4,1146,5.883898062209518,0,132567.00871825972
2,2352,15.970137777553035,1,340420.2082966676
3,1439,17.429037648637266,1,224391.98602089813
1,1738,12.561241840536034,0,222080.58927356562
4,1754,10.629930204589169,1,201320.64089018537
1,1675,4.026776391760626,0,219077.11807231465
4,1562,2.1990716285038534,1,224530.00551273683
1,2002,3.2353315409976138,1,254176.7371575937
4,2005,5.3197887018258765,0,240898.9574483727
4,1463,7.4918155360414955,0,200713.1748791175
2,824,8.237280984708757,0,125353.91130060071
4,2003,7.580113603191068,0,266727.6181251626
2,1509,5.542051311748047,0,189295.3538829937
4,2324,10.684760688282264,1,312034.5489345567
3,1984,16.680436056425037,1,301241.12540443597
3,976,6.314367230958105,1,170925.26636422804
3,1084,18.905353362942428,1,195872.2191606661
4,862,17.593396572753107,1,172049.7260343885
2,1802,4.073520015690082,1,252996.69800019034
2,1461,15.939243178384796,1,223329.4787503222
4,1465,11.917160264037566,0,192231.09570302055
3,955,11.764931881256953,0,155302.71175178484
3,2292,8.429812498105314,1,298649.55607226334
2,1872,10.521906984458186,1,293982.7568569232
3,1766,8.54639677115501,0,247996.06356777574
1,1648,11.254919756438914,0,191671.54196045254
2,1907,12.93105100268008,0,219822.3655369785
3,2184,13.81177232177192,0,273596.6887800987
2,1488,11.117142658629097,1,217052.46178051963
1,947,14.707019279245902,0,148689.63127518445
2,2453,3.6842829362346103,1,330765.37068116356
2,1141,5.027667327142532,1,193528.55164111842
2,1275,16.55596507741113,1,212490.56714786866
2,1886,7.128031579081888,0,271687.9090994488
1,2183,1.4349826745462848,0,241539.66025381157
4,1360,3.922031843692591,1,211239.79260482427
2,1126,5.248674255429914,1,174243.28616876988
2,1964,19.189134869997158,1,305303.2831517856
3,1789,11.887787149686137,0,191556.8614583762
2,1014,18.72188406904884,1,138051.3103202644
3,1234,11.928103659435873,0,186356.77775667896
4,1751,10.107734362619183,1,273879.7983677925
1,1522,6.960826132687825,1,241445.4994926849
1,2141,12.521047944234136,1,274640.9081057629
4,831,3.644762467733067,0,166250.81567389812
1,1469,18.066970918561413,0,181604.11048739654
4,1084,16.75731569768439,1,214128.3416397091
4,2128,7.0330975096580035,0,245531.98374766612
4,1228,19.103153024424593,1,196515.09306546784
1,2300,16.678814580895796,0,301424.7980475863
3,1085,13.659830830865754,0,136905.7587975096
4,1967,3.313476311380221,0,278937.2061065055
2,2247,10.086446437913374,1,293184.34659093036
1,1842,10.616043542088267,0,242553.5444846099
4,817,5.418475808942222,0,158853.25368528615
4,1568,2.5193424928267367,1,213397.16434307038
2,1389,15.75774897896216,1,238595.14821458887
3,2194,3.3186659903635056,1,324770.0044130291
3,1998,12.29152426067372,1,263734.18218374526
3,1809,18.79253430378955,0,268584.0206038207
4,993,17.645998659362807,0,124111.42744484934
4,1301,6.277299851235961,0,192230.65782150932
4,1787,17.177524113474043,0,213916.79174266086
1,1936,1.0063176162892988,0,263254.5297788684
2,913,1.336068382651887,1,179777.15515977002
4,2045,12.448510113014434,0,303471.8549683321
2,1746,7.93116616374606,0,257591.24274092301
2,1630,8.342755982023796,0,214455.9540389828
3,2467,11.724380722898767,1,301827.24061547255
1,2087,4.6438666562453506,1,292635.6749215105
4,1724,5.023351662644089,0,224897.04762361216
3,854,10.207430153358429,1,192426.8159685933
3,2466,15.330817342533399,1,281837.79180295113
4,1599,12.770457276744166,1,281246.36382414465
2,1577,6.649745916499939,1,242264.68511048603
3,2281,9.176406372669502,1,287327.9607519273
2,961,4.242630412449969,1,183501.0997545963
1,2203,2.4179664724045526,1,317757.41166199633
2,886,15.871224774138835,0,149422.5502131432
1,854,6.042360774575697,0,103422.77270439098
2,2299,4.377561369173716,1,296811.83995764476
3,2001,14.140743055817067,0,278858.2725887513
3,2214,12.742981811456534,0,288604.7855902757
1,2172,13.030602894255818,1,290885.16083042044
4,1831,5.348997492085658,0,263140.8153638716
1,1632,5.420265232690939,1,250996.2494329914
1,1112,5.195249965927143,1,200424.40810173046
2,1558,4.301299317583595,1,220337.95581917578
2,1242,13.45874977867147,0,171381.70125441375
1,1127,17.112301819738626,0,137556.9564962089
3,1877,14.762031923856563,0,240793.18084318316
2,1560,16.04977904145032,0,233332.7305966877
4,2062,8.691170152618795,1,277663.71913599764
2,2052,13.427440112067965,1,291424.4969866141
2,1378,7.730488568450716,0,214489.23141729098
4,1874,10.98458781740416,1,271548.95374467474
1,2432,10.151062084162383,1,327985.8262772972
4,2427,4.360855757733233,0,268923.9786381155
1,1806,8.354496446376984,1,248625.95254114893
1,2087,19.31262323416467,0,303188.84174701426
1,2241,5.723024896583899,1,299337.4560702138
4,895,3.5422709893102855,0,180405.89913458662
1,1911,8.953031810854771,1,251414.20329264845
3,1901,16.016416981342815,1,273687.1575333622
4,2111,12.060816365819473,0,260676.83943187236
3,1943,13.938521717526646,0,264008.9545612544
1,1613,4.604202115318866,0,231802.27441886184
2,1290,12.760015667146709,0,198029.32974759137
1,1251,7.146507503318001,1,219810.2966266196
3,2323,16.851763953140583,1,311362.42220612377
3,964,12.956677314203988,0,149967.77130382846
4,981,4.778269277730622,1,136525.27449334587
2,1268,2.227716917037637,0,191282.87716181012
4,1709,1.810030976453622,0,226448.69733302997
3,1534,8.056762785352674,1,226970.08664142567
1,1622,6.051171596431956,1,231709.23768912905
2,1743,13.275712345787653,0,230800.26494601803
1,806,10.487342864593748,0,131418.9488023385
1,1129,6.054366282102234,0,155666.50636978503
2,1574,3.8355177810533463,1,234709.53650501004
4,2496,3.416795491061542,1,332191.58012418984
1,950,17.428547450667935,1,158602.91543761035
3,1908,5.6260813996924774,1,256498.32931609842
1,946,13.382502310308398,0,147498.81612985683
2,2447,16.40303263173906,0,303597.7824634052
2,2204,12.667544912509985,0,274770.06306453963
2,1714,17.33173940129197,0,243860.29369377386
4,2371,8.455480709041016,0,259480.4000404443
1,2108,19.16822162233002,0,241183.36684436267
4,1499,3.529755079383842,1,226736.26552476347
4,881,2.940841063493224,1,148716.70357519083
2,1313,13.515150777941427,0,206342.42150444695
2,1614,18.913791686851972,0,244852.914895197
4,1508,16.368785771090234,1,234859.33641400334
1,2346,2.451920329322977,1,284686.4618391779
3,1545,6.307986564759611,1,249645.863606921
4,1822,18.67605881191865,1,266716.0826489658
1,2209,5.808110223214906,0,244365.33566106512
2,1506,15.842238051951465,0,181150.72606467205
2,1270,16.67751172264537,0,216277.69165549558
1,1942,10.413589965758653,0,276729.5132481039
3,1195,8.340629287117995,0,124227.45180163409
2,2355,9.552364215975434,1,283720.3642028302
2,1060,5.3123291929419185,0,182073.27450890405
2,1604,17.89842740644804,1,239579.36193536306
1,1733,9.5617734778654,0,242417.87244877455
4,2079,17.766729368665896,0,266744.30976237106
2,1704,3.0081761182192075,0,235593.93786053368
4,2049,19.777230149002495,0,266105.2860078099
3,1876,9.422188661428747,0,234458.92919557504
2,1739,1.908785587488004,1,266629.26939204015
2,2323,1.7224151165116433,1,307802.29987876874
3,2329,15.177937892154933,1,324436.74327094876
2,1653,13.521675149869935,0,225809.7960741503
4,2187,16.240480604424164,0,268293.1024312158
1,2103,3.0019831451033134,1,314268.7777996955
4,1392,1.6758464736754186,0,198337.288331991
1,1513,10.663006499503991,0,199830.53036230896
1,1981,8.36430939817262,1,298148.74410546065
4,1431,9.77699179674816,0,172772.02042079493
4,858,19.840179768535204,1,211645.7629001873
4,927,19.444249195742735,0,150039.1294446028
4,1535,18.903992403790664,1,208791.7120542278
3,1520,15.893010858585804,0,248965.3323984442
2,1938,7.741985844880918,0,239007.64066098465
1,2032,8.83048767499266,1,282780.1352346089
4,1325,11.442704830659565,0,203775.16724411905
4,1320,16.78015467169196,0,215273.52788904888
4,1351,2.3055438178470875,1,213448.26318335484
3,1036,9.061640831812873,0,146084.5122493057
4,2104,2.569735605726105,1,287264.7182695429
4,2182,10.77849414489672,0,266402.93616581394
4,2024,18.07911565611847,0,267619.7913553497
2,2101,15.86721356671482,0,301196.59769849456
3,2058,5.329005933319089,0,274483.0067995354
4,1293,19.543826142377057,1,214404.8418331553
1,803,13.67965756288214,0,152209.64543356787
1,1465,1.1981262885506583,1,233600.67618245905
1,1241,5.852856209019171,0,155768.9460451351
3,828,5.953552698478414,0,137511.23057355316
3,1932,2.315831819431339,0,296508.46909636597
1,1409,19.23670384344265,0,225074.77162235865
4,1604,10.08685059694255,1,226574.71411524728
3,874,18.020477350065757,1,155246.08075268046
1,1637,7.122094565447939,1,224830.53281921192
1,1969,3.3794378382237156,1,286216.11792435305
4,927,10.012386088218063,0,181059.01146643338
2,841,3.165176059572026,1,167925.92891938717
3,2179,10.234294556573259,1,297060.394275663
4,840,18.485646443168747,0,135559.71606892894
1,1733,10.894594694850042,0,235634.76025909555
1,833,12.713494811006585,0,123554.3130035791
4,1840,3.9761303025023578,0,198472.75420702642
3,1976,1.8309768917194202,1,302152.00224810874
2,1797,3.1053512814163335,1,231736.42223346597
2,2201,12.372099938002947,0,270389.4024956151
1,1387,2.8052222808537888,0,203529.7601530127
3,2422,8.143864908884916,0,325861.26984136354
2,2452,11.451746868704964,1,326668.4864827249
3,1141,8.384403173967094,1,165317.98183376697
3,826,4.109992227840728,0,129528.06712008933
1,2110,6.202034842768024,0,250831.3093208824
2,1445,18.638033124122963,1,223654.79601263505
4,1530,13.843663236140753,0,235761.5210434631
1,967,10.424908934917845,0,101464.68254606123
2,1409,1.241582909750977,1,203892.9948543257
2,1067,19.855892609299932,0,157546.95357690958
2,1620,13.757643762998221,1,214343.5949835863
2,1254,7.021527069553954,0,191220.5784097693
2,1705,17.706104539958925,0,201653.5348324585
3,2224,5.910200785544544,1,270257.2148068458
1,1721,11.33631500447228,1,265089.5417826484
3,1780,13.085344510866676,0,265454.0996346867
4,2299,5.200204057620841,1,302178.1666565712
2,1501,19.589548297211323,0,186146.8517688203
1,1433,15.215646213600953,0,187096.74127123546
2,2381,11.598451284710329,1,334659.26458725607
1,2399,4.431297365330717,0,294744.41349593323
3,929,2.0233059329624963,0,142790.8774288428
1,1819,7.0811368178986855,1,262001.56260721225
4,2186,15.310559382354654,1,296702.0808206685
4,1618,6.117294667738476,0,246972.8932870536
1,1492,11.251568189414597,1,210142.91880083526
1,2115,14.83099635788412,1,271936.3158422378
1,2194,3.0509305782828227,1,263556.39492776827
1,1593,14.020662306201594,1,225810.578438587
4,828,2.7455468664908493,0,113533.26393992234
2,948,19.337465100412935,0,159430.24272326095
1,2119,10.279488471233853,0,267758.6915461198
1,810,3.8628460464876704,1,131649.9130218843
4,2335,7.505289084637384,1,320235.4317228782
4,1475,8.854912536609968,1,253463.71361090246
3,1936,15.40551521045421,1,279359.5245786476
1,986,15.125051935455577,1,125592.56230861833
3,1606,12.62686960140929,1,277556.05421410676
4,1543,3.012683538611366,1,241944.81115072686
4,2050,3.879818060165798,0,297268.2740938519
2,2133,2.781381492265576,0,287105.1624691295
1,897,11.966282882463451,1,191793.44981864293
3,854,17.665630388716675,1,169238.15306638004
4,1422,9.242209732840664,1,212775.18462262367
4,1463,4.056115305197178,0,206997.68140724182
3,1557,11.602804177830373,0,198225.70048398437
2,1205,16.423292120448487,1,207989.2630782289
4,868,15.09252916874567,1,113010.53943735862
1,2135,17.747564813825406,0,273532.42731120094
4,2112,6.280139847728488,0,292433.5923259069
1,2371,4.685123478087722,0,291628.73331762315
3,1550,17.716513232896837,0,249307.9113770682
1,1971,13.493645942782438,1,268871.91521441913
3,2290,6.907649670143529,0,303406.8430948283
1,2067,15.104612960877674,0,246986.90500697153
3,2314,16.48724930512699,1,329782.75704367104
1,1757,12.684586566481515,0,236994.1914477971
2,2330,14.069798087718388,0,286239.88912700466
1,1164,8.12993818441066,0,119287.32679091694
1,1281,11.235217679517742,1,198930.07332364787
2,1000,10.959024243797083,0,160348.57250749474
4,953,17.112908031484665,1,191630.6427201407
4,2273,16.95931562536147,1,338198.6537946621
1,2324,16.82092891759382,0,331811.1184861151
2,872,1.20960067098685,0,163330.14719795313
1,1512,15.241364204908876,0,197878.87559637055
3,1095,15.414851412109092,0,162011.34391569978
3,1840,13.889197634247695,1,276622.9082379975
1,2464,15.369028499937599,0,314776.80344692484
4,2040,16.997437058437466,0,296265.63771704596
4,860,9.936062027933927,0,191755.8193881652
1,1738,10.538954056280495,1,294713.0809301047
1,2439,3.3695670813164194,0,325763.54753662506
3,841,8.322141777899875,0,149719.12386780788
4,824,13.223938418323902,1,187198.47046807883
1,1862,15.827595746798217,1,297642.61814796703
3,930,5.126972856133,0,143517.47848296614
4,2321,3.6186350840254726,0,274456.09809183754
2,2052,13.597798085509352,0,247250.47904132117
3,907,1.035717786973302,0,124590.16422458057
4,971,4.3890791018392665,0,122854.63309905582
4,2258,1.552356226535121,1,302774.21229562216
3,2301,4.170817239242547,1,283090.35259785864
2,901,4.445066318584599,0,127252.08947658466
3,1665,8.36579830025749,0,235608.0103336633
4,1323,8.644215369044563,1,211454.28900959247
1,1074,17.61098694159452,0,175097.99228347075
1,2436,10.69208453747768,0,326549.01750658045
3,1867,14.74469054663344,0,262262.94344413263
4,1616,2.9786098004854615,0,244667.03652929602
1,1756,5.283336353810183,0,230141.19807246648
4,1840,14.35592537859486,1,294613.7745155453
3,1129,2.0032752489020336,0,171996.37291160022
1,2392,10.245355582631309,0,297996.80301321973
4,2320,12.388010347595744,0,318624.529299328
1,811,12.44076723699714,1,140177.31003463268
3,2141,1.4357234140927986,1,326189.8730578959
4,2415,7.120052080354524,1,310618.02563943155
1,1015,13.093322369933926,1,153984.50175398053
3,1138,3.8309949868356252,0,179685.53653453506
1,1460,14.212897318233011,1,215860.0184567513
1,1904,15.172578967459817,0,288802.43132195494
2,2308,19.65741461847676,0,282570.69093353546
2,1173,4.986997902271779,1,196682.47729817513
3,1775,16.677482685656187,1,228226.87503326603
2,1509,10.885634961454427,1,243201.10237867665
3,2023,8.095789326739295,1,261700.09314619153
2,2360,3.325158389178381,1,322129.0730012412
1,1265,14.974606523263214,0,175720.39846751437
3,1912,5.481294383730055,1,223901.95345740902
3,2091,8.05701803558787,1,286652.3108246716
1,2478,2.18830231105,1,320922.72149709373
3,2394,16.225971400570863,0,316034.41717273765
3,1288,15.565181955461224,1,238602.6024145147
2,2361,14.938700770803937,0,332417.538583738
3,846,6.689426699345846,1,176127.79761909065
4,2111,4.296121411053187,1,290020.444546845
1,1577,13.113512024934366,0,186010.08422215786
2,1839,10.42716129815117,1,263753.99938887573
2,1510,4.38679687118819,0,208092.20183437277
4,1200,14.03231414994741,0,174243.35188185316
1,1780,19.83140220460477,0,250875.05411431854
1,1909,15.197172167098715,1,291236.7003031921
2,1049,15.059741347026623,1,166661.7920629396
3,1190,19.055942305681242,1,182748.28406885127
2,1134,4.855790983923141,0,163642.05525642898
1,1428,11.745449333507366,1,206668.14085259524
4,2342,19.613287585643786,0,262381.5797456247
2,936,4.140588108433317,1,146338.4393277576
1,1682,14.3047872294459,0,201005.97067397414
2,1487,12.130392773466138,0,229534.20654709614
3,2321,12.143102751585433,0,323128.0914959783
2,1626,14.255741922881427,1,218419.201815549
2,1526,18.662721534638,0,223452.83103006124
1,2300,15.869056857175421,0,305704.85691798275
1,1393,2.06658596490799,0,160787.91724925672
1,2046,17.201832377638514,0,266720.49513239926
2,1789,5.28528526858892,0,282812.965941225
3,1171,8.161369129991067,0,185623.62189214813
4,1734,9.772923458635262,1,244580.45090266704
4,1794,10.137214014308324,1,244464.87650278996
1,1201,9.268427585851779,0,134584.982098508
1,2266,18.809712590101423,1,315714.32941738534
2,2313,14.414361145616468,1,348063.51631789457
4,1414,12.992242273177421,0,182825.2460486303
1,2096,1.9469985278758895,0,222161.8056735967
3,2349,18.17435327494712,0,281602.6930104091
3,1982,18.27841364815953,1,295871.2017436439
1,1975,15.824048205171945,0,247142.02400614426
1,1794,1.133554872458764,1,233857.4155779676
4,1419,2.088324770474844,0,194527.2606863946
4,987,5.279250343101305,1,177133.64011490776
2,1921,3.4956387547532275,0,216680.01656194273
4,930,8.577884564370859,0,144143.26834344896
3,1604,18.529838103668002,1,230619.56677338723
3,1994,9.969148249742968,1,262466.4871399099
1,1735,1.2546499022111466,1,224086.59156327663
4,1785,6.372168101996478,1,271711.2411468942
2,982,1.8473032590862692,1,156835.91305358257
3,1782,1.6894648296565409,1,210045.82669856257
3,1163,6.238677208815493,0,175605.2950439164
2,838,6.236634434899963,1,172022.30667091368
2,2350,15.955405449430478,0,277657.38142039767
3,1296,19.521858402841126,0,179067.67540574123
3,2339,8.052934783909969,1,295845.3929833875
2,2172,9.148850698359734,0,265441.3581205777
3,1781,17.050999289434408,1,279662.50328851363
1,1720,6.094641381814754,1,243066.13724346022
1,2220,3.971254283665511,0,291077.49805517687
2,1521,17.208702844669357,0,191927.71879139962
4,1984,1.8835111423612445,1,262867.9471795609
2,815,12.774289363788899,1,177567.4209988406
2,1292,11.677864101869329,0,169526.8240824095
4,2249,7.572488502532191,0,300128.97346943675
4,1931,6.98860090084982,0,235226.61863052213
4,1693,15.665296797450804,0,221899.39809755702
1,2273,2.6420676044883833,1,332324.28554922267
3,1110,5.498901876916323,1,175933.0713951335
1,1538,14.916525904923706,1,234465.17900747454
3,1993,11.41809109080206,1,288237.7739958358
1,1345,3.4317759621381416,0,191046.0609745093
3,1213,17.760576671359143,0,186181.3553134711
1,1050,8.47550908470824,1,178406.95966271943
4,1558,16.729499131121283,1,209319.9653852342
2,1964,15.966547295026464,1,281949.0602495084
1,2097,12.864083482962833,1,271782.6726012483
3,2239,10.395141494606767,1,315512.9150953669
4,2431,19.61146596725338,1,351546.9614626204
1,1862,3.754336375216524,1,222266.02295926795
1,1613,14.777958823471181,1,266465.13596027764
4,828,4.632623327830991,1,148095.15582657463
1,1757,7.426999001314619,0,227094.51505696785
2,1276,6.86527612409071,1,183384.88901179755
1,1117,18.993683767035737,0,175266.1964648434
2,1044,19.379767377977227,0,166026.18135253672
2,1547,4.477293440459816,1,249077.1032260869
4,1496,1.4186680456525795,1,206681.46849022113
1,1071,14.680152753599149,0,197956.12441555777
4,2263,8.941808743539202,0,295265.18609794736
1,2062,2.6879646566637234,1,279663.36186384
1,1176,13.991328005963808,0,171279.97672507208
3,1065,11.357005036953295,1,176947.11357579965
1,1725,19.629819618021013,1,247788.03432088043
4,1720,5.3207804213662,1,249228.42934939257
2,2182,8.675579650204416,0,268957.79061122757
1,1139,11.308370264513036,0,157043.59600210676
3,1188,16.042299780613682,1,201210.33578704088
4,1376,11.427934477681116,0,177788.2048643328
1,802,12.645103056377035,0,143271.88954822347
4,2252,5.296793980208874,0,274587.0562804896
3,1965,17.091455833682637,0,269880.3461014782
3,1175,9.143980392439039,0,192753.47441012907
4,2493,3.678232922913616,0,322112.7276683516
1,1123,13.61957037560293,0,175771.88630885398
2,945,5.105718610520842,1,176349.48372059732
3,1092,2.853687694546695,0,155071.82332490466
1,2488,17.377751259681173,0,321341.6693995075
1,1231,9.743083025280354,0,194081.56872587462
2,1504,15.236390541219752,0,177271.6122001193
3,1748,6.521163636320747,0,236527.52573030564
3,1384,15.95243256343566,0,224638.81243589515
1,1198,3.126782613409076,0,164537.58541460885
1,1616,7.763494102102202,0,204290.8075283735
2,2167,19.58317454149704,1,288694.3180490221
2,1763,16.085804610992113,0,204845.3824489135
3,1963,10.447862675979076,0,254943.61042696776
4,986,7.4557719596758165,0,154127.19478178295
3,860,17.570578300427055,0,149625.82580775954
1,1738,11.352107422605798,1,258095.58613565893
3,2203,15.41007533951311,1,282945.16962612706
4,1509,15.328045926007118,1,235228.00694344443
2,1606,1.3409678928013449,1,240734.45714471527
4,2263,3.3988218730596556,1,289431.57632018917
4,2142,13.532957961500102,1,300568.83894578955
4,2125,4.070776414431558,1,287349.5207349506
2,2167,5.854373548456489,1,277603.3913853606
4,810,18.986121129792537,1,167348.8344945698
4,1885,11.643462909123325,1,259707.51658749732
4,1025,15.263860632987596,1,195273.23579678152
1,1976,11.601634036870157,1,268917.48941705434
4,1363,11.49775868087178,1,187453.56770513472
2,1571,2.78888629238826,1,234434.18285674715
4,2394,7.529600659572958,1,318952.8652864152
4,2407,6.366187075043722,1,293460.35128156864
2,2483,8.423838946658652,0,318122.6417820354
4,2398,16.168539576262237,1,333048.6865108407
2,2133,8.066720690420432,0,250533.75649571206
4,1684,9.582239565401972,1,231198.59376150277
2,2066,8.550246419221015,1,278634.97094901995
4,2316,2.774751467530616,0,269010.33311301254
4,2189,9.380371006764891,1,307598.12920161604
1,2153,4.716576187845785,0,270937.7270804671
1,1930,4.547742619687789,0,223702.72839207918
4,1025,2.7866859842510605,0,138643.92473513974
4,1624,7.77674850869353,1,261242.7577976748
3,1017,15.39215581099893,1,211007.32546380776
